Date,Open,High,Low,Close,Volume,Dividends,Stock Splits,Returns,Volatility,SMA_20,SMA_50,RSI,MACD,MACD_Signal
2024-10-07 00:00:00+00:00,62819.109375,64443.70703125,62152.55078125,62236.66015625,34253562610,0.0,0.0,,,,,,0.0,0.0
2024-10-08 00:00:00+00:00,62221.64453125,63174.3046875,61843.5625,62131.96875,28134475157,0.0,0.0,-0.001682150134457161,,,,,-2.3488456530467374,-1.304914251692632
2024-10-09 00:00:00+00:00,62131.7265625,62508.8359375,60314.61328125,60582.1015625,27670982363,0.0,0.0,-0.024944762232405493,,,,,-51.0541843222818,-21.693959362589826
2024-10-10 00:00:00+00:00,60581.9296875,61236.72265625,58895.20703125,60274.5,30452813570,0.0,0.0,-0.005077433013489285,,,,,-83.06095596795785,-42.482237345438065
2024-10-11 00:00:00+00:00,60275.4609375,63400.87109375,60046.125,62445.08984375,30327141594,0.0,0.0,0.036011743668549645,,,,,-12.331549402042583,-33.513089337526516
2024-10-12 00:00:00+00:00,62444.6171875,63448.78515625,62443.26953125,63193.0234375,16744110886,0.0,0.0,0.011977460447594401,,,,,62.400286519070505,-7.515231799850598
2024-10-13 00:00:00+00:00,63192.9453125,63272.65234375,62035.63671875,62851.375,18177529690,0.0,0.0,-0.005406426515387475,,,,,93.77446776954457,18.118488997865658
2024-10-14 00:00:00+00:00,62848.3984375,66482.4921875,62442.15234375,66046.125,43706958056,0.0,0.0,0.050830232433260125,,,,,265.2457490572051,77.50781681928036
2024-10-15 00:00:00+00:00,66050.3671875,67881.6796875,64809.1953125,67041.109375,48863870879,0.0,0.0,0.015064992457922477,,,,,429.31535644181713,158.7771037982904
2024-10-16 00:00:00+00:00,67042.4609375,68375.2890625,66758.7265625,67612.71875,38195189534,0.0,0.0,0.008526251733136592,,,,,568.8991067847819,250.66824001686518
2024-10-17 00:00:00+00:00,67617.078125,67912.2109375,66647.390625,67399.8359375,32790898511,0.0,0.0,-0.0031485616380424464,,,,,650.4447436248884,338.13705470891455
2024-10-18 00:00:00+00:00,67419.109375,68969.75,67177.8203125,68418.7890625,36857165014,0.0,0.0,0.015118035686984221,,,,,757.3528205236726,428.1670199755495
2024-10-19 00:00:00+00:00,68418.9765625,68668.0078125,68024.640625,68362.734375,14443497908,0.0,0.0,-0.0008192879217548965,,,,,823.4257233559983,511.81749410008433
2024-10-20 00:00:00+00:00,68364.1796875,69359.0078125,68105.71875,69001.703125,18975847518,0.0,0.0,0.009346740674458287,,,,78.39940808705003,899.2197720820404,592.8623397008496
2024-10-21 00:00:00+00:00,69002.0,69462.734375,66829.8515625,67367.8515625,37498611780,0.0,0.0,-0.023678423698328066,,,,68.94213268123355,847.9512880147522,645.7406183966812
2024-10-22 00:00:00+00:00,67360.703125,67801.578125,66581.3671875,67361.40625,31808472566,0.0,0.0,-9.567341618454961e-05,,,,69.44586794770339,798.000347804089,677.0745356408174
2024-10-23 00:00:00+00:00,67362.375,67402.7421875,65188.03515625,66432.1953125,32263980353,0.0,0.0,-0.01379441121005398,,,,72.80652168351341,692.4988710974139,680.230468011377
2024-10-24 00:00:00+00:00,66653.703125,68798.9609375,66454.1015625,68161.0546875,31414428647,0.0,0.0,0.02602442034118191,,,,77.67844951395138,712.2048749847454,686.7426626759088
2024-10-25 00:00:00+00:00,68165.296875,68722.15625,65521.79296875,66642.4140625,41469984306,0.0,0.0,-0.022280180844656217,,,,65.43724949838618,621.2674369965389,673.4561385476734
2024-10-26 00:00:00+00:00,66628.734375,67317.921875,66360.59375,67014.6953125,19588098156,0.0,0.0,0.00558625096700216,,65528.867578125,,64.45506929464258,567.9475775127939,652.1083025486971
2024-10-27 00:00:00+00:00,67023.4765625,68221.3125,66847.2265625,67929.296875,16721307878,0.0,0.0,0.01364777618155344,0.30592563161756375,65813.4994140625,,68.40881437961514,580.4534880590072,637.6439293555185
2024-10-28 00:00:00+00:00,67922.671875,70212.265625,67535.1328125,69907.7578125,38799856657,0.0,0.0,0.029125296867722028,0.3169349017729766,66202.2888671875,,65.35342233940051,715.9271821716975,653.4169643748613
2024-10-29 00:00:00+00:00,69910.046875,73577.2109375,69729.9140625,72720.4921875,58541874402,0.0,0.0,0.04023493905417541,0.31670267653263695,66809.2083984375,,69.72890969536604,1003.5974712115567,723.8689408073965
2024-10-30 00:00:00+00:00,72715.3671875,72905.296875,71411.734375,72339.5390625,40646637831,0.0,0.0,-0.005238593875544262,0.31680061762193856,67412.4603515625,,66.64033694706902,1188.9895942338044,817.334449880027
2024-10-31 00:00:00+00:00,72335.046875,72662.3125,69590.5,70215.1875,40627912076,0.0,0.0,-0.029366396164960396,0.3286088211901707,67800.965234375,,58.735532490173995,1171.5224089333497,888.4406734080613
2024-11-01 00:00:00+00:00,70216.8984375,71559.015625,68779.703125,69482.46875,49989795365,0.0,0.0,-0.010435331387529279,0.33287920401755017,68115.4375,,53.36009212236321,1092.746811578414,929.4257708985713
2024-11-02 00:00:00+00:00,69486.0234375,69867.3515625,69033.71875,69289.2734375,18184612091,0.0,0.0,-0.0027804900426771084,0.3319235078780353,68437.332421875,,52.90173252004472,1004.9064795582672,944.558501327584
2024-11-03 00:00:00+00:00,69296.3828125,69361.65625,67482.5234375,68741.1171875,34868307655,0.0,0.0,-0.00791112711687536,0.2870249456108759,68572.08203125,,49.17922901909563,885.5063825544494,932.72518861733
2024-11-04 00:00:00+00:00,68742.1328125,69433.1796875,66803.6484375,67811.5078125,41184819348,0.0,0.0,-0.013523338185854272,0.28790970406058636,68610.601953125,,51.46226055573524,715.036333480035,889.1199417385783
2024-11-05 00:00:00+00:00,67811.171875,70522.7890625,67458.8671875,69359.5625,46046889204,0.0,0.0,0.02282879023690776,0.29736932099000885,68697.944140625,,55.97826950784297,686.0931120227324,848.4642464824267
2024-11-06 00:00:00+00:00,69358.5,76460.15625,69322.03125,75639.078125,118592653963,0.0,0.0,0.09053568676993895,0.4331366615304429,69109.90625,,70.8658040696853,1114.8049184588308,901.7851873798429
2024-11-07 00:00:00+00:00,75637.0859375,76943.1171875,74480.421875,75904.859375,63467654989,0.0,0.0,0.003513808689745934,0.43189839840232447,69484.209765625,,68.79650499738497,1456.4445425145095,1012.8050173781103
2024-11-08 00:00:00+00:00,75902.8359375,77252.75,75648.7421875,76545.4765625,55176858003,0.0,0.0,0.008439738809541852,0.4313386706663501,69893.346875,,75.10787183099262,1754.0884997054527,1161.155742286316
2024-11-09 00:00:00+00:00,76556.1875,76932.765625,75773.7890625,76778.8671875,29009480361,0.0,0.0,0.0030490452928257916,0.4312715937260181,70282.205078125,,74.93131895533,1983.9406773130759,1325.7962119277329
2024-11-10 00:00:00+00:00,76775.546875,81474.421875,76565.4296875,80474.1875,82570594495,0.0,0.0,0.048129393514959595,0.44160693670478973,70937.521875,,78.04849418993406,2417.4045252895157,1544.2064723273506
2024-11-11 00:00:00+00:00,80471.4140625,89604.5,80283.25,88701.484375,117966845037,0.0,0.0,0.10223522760015435,0.5490873750779727,72004.52578125,,82.84273503760072,3347.330003130439,1904.948245886568
2024-11-12 00:00:00+00:00,88705.5625,89956.8828125,85155.109375,87955.8125,133673285375,0.0,0.0,-0.008406532091926988,0.545740786173581,73080.706640625,,78.69755332483939,3980.047144773256,2320.075798938386
2024-11-13 00:00:00+00:00,87929.96875,93434.3515625,86256.9296875,90584.1640625,123559027869,0.0,0.0,0.029882636380625716,0.546975853189328,74201.862109375,,81.68346276367701,4628.73049946464,2781.9026567293527
2024-11-14 00:00:00+00:00,90574.8828125,91765.21875,86682.8125,87250.4296875,87616705248,0.0,0.0,-0.03680261786927608,0.5622709425208858,75232.262890625,,78.39073210351283,4829.44944297726,3191.480066698906
2024-11-15 00:00:00+00:00,87284.1796875,91868.7421875,87124.8984375,91066.0078125,78243109518,0.0,0.0,0.04373133907381366,0.5708151538568306,76434.828515625,,82.61903137040895,5222.592719067383,3597.7566005868885
2024-11-16 00:00:00+00:00,91064.3671875,91763.9453125,90094.2265625,90558.4765625,44333192814,0.0,0.0,-0.005573223886622736,0.5759400578075706,77566.2875,,81.84145017265408,5431.532955443894,3964.550875815836
2024-11-17 00:00:00+00:00,90558.4609375,91433.0390625,88741.6640625,89845.8515625,46350159305,0.0,0.0,-0.007869224693816235,0.5789400169046708,78563.1921875,,81.44040349398078,5478.050835368733,4267.276620784672
2024-11-18 00:00:00+00:00,89843.71875,92596.7890625,89393.59375,90542.640625,75535775084,0.0,0.0,0.007755383808848215,0.5702633388880723,79454.299609375,,84.09984546230399,5505.39910987312,4514.917972199402
2024-11-19 00:00:00+00:00,90536.8125,94002.8671875,90426.984375,92343.7890625,74521048295,0.0,0.0,0.019892819836786257,0.5673856423615238,80454.512109375,,84.21967357803078,5602.934182693702,4732.533062390737
2024-11-20 00:00:00+00:00,92341.890625,94902.0234375,91619.5,94339.4921875,71730956426,0.0,0.0,0.02161166598491282,0.5454918087480509,81660.72734375,,81.91247142593167,5769.738669513827,4939.983219544058
2024-11-21 00:00:00+00:00,94334.640625,99014.21875,94132.6015625,98504.7265625,106024505582,0.0,0.0,0.044151545428309014,0.5455956581955528,83111.840234375,,84.03697777911651,6157.66558750812,5183.5281794401435
2024-11-22 00:00:00+00:00,98496.4296875,99655.5,97222.6640625,98997.6640625,78473580551,0.0,0.0,0.005004201495724558,0.5423257335810546,84597.259765625,,83.96565189355188,6429.346272845622,5432.698743982827
2024-11-23 00:00:00+00:00,99006.7421875,99014.6796875,97232.890625,97777.28125,44414644677,0.0,0.0,-0.012327389984975179,0.5453997506578185,86049.06796875,,80.84527013798564,6473.462161696181,5640.856069588978
2024-11-24 00:00:00+00:00,97778.09375,98647.1796875,95788.078125,98013.8203125,51712020623,0.0,0.0,0.002419161787646784,0.5359103604034369,87559.18359375,,78.67872164252069,6452.451915082376,5803.178134610068
2024-11-25 00:00:00+00:00,98033.4453125,98935.03125,92642.9140625,93102.296875,80909462490,0.0,0.0,-0.05011051933125821,0.5890999055361739,88746.3203125,75665.99921875,58.07081289257714,5978.173725462402,5838.177752311771
2024-11-26 00:00:00+00:00,93087.28125,94991.75,90770.8125,91985.3203125,91656519855,0.0,0.0,-0.011997304040733403,0.5247080974295244,89563.632421875,76260.972421875,57.29057325571829,5450.899062606652,5760.721129972463
2024-11-27 00:00:00+00:00,91978.140625,97361.1796875,91778.6640625,95962.53125,71133452438,0.0,0.0,0.04323745271515378,0.5366673159714856,90566.516015625,76937.583671875,59.27819337288652,5287.5041719134315,5666.076873843561
2024-11-28 00:00:00+00:00,95954.9453125,96650.203125,94677.3515625,95652.46875,52260008261,0.0,0.0,-0.0032310787967048116,0.5393793766009973,91521.865625,77638.991015625,66.18251286296865,5074.765136440299,5547.81366215352
2024-11-29 00:00:00+00:00,95653.953125,98693.171875,95407.8828125,97461.5234375,54968682476,0.0,0.0,0.018912786163713058,0.5389287282744443,92555.9984375,78382.731484375,63.34973431839263,4992.3714543207025,5436.724571159403
2024-11-30 00:00:00+00:00,97468.8125,97499.34375,96144.21875,96449.0546875,31634227866,0.0,0.0,-0.010388394458550332,0.5275743911600087,93354.741796875,79062.81078125,62.04190873118796,4791.136452380524,5307.606343542824
2024-12-01 00:00:00+00:00,96461.3359375,97888.125,95770.1875,97279.7890625,36590695296,0.0,0.0,0.008613193542348574,0.39841681831632064,93783.65703125,79744.54609375,65.12391340144052,4644.236348837207,5174.9318482074805
2024-12-02 00:00:00+00:00,97276.0078125,98152.6015625,94482.8671875,95865.3046875,72680784305,0.0,0.0,-0.01454037255458307,0.40172032678820496,94179.131640625,80404.8246875,60.52140244390215,4364.607015035363,5012.866396485983
2024-12-03 00:00:00+00:00,95854.59375,96297.203125,93629.5625,96002.1640625,67067810961,0.0,0.0,0.0014276215513644441,0.39052762543777086,94450.031640625,81003.94546875,57.74089799124663,4106.534740547315,4831.599631250579
2024-12-04 00:00:00+00:00,95988.53125,99207.328125,94660.5234375,98768.53125,77199817112,0.0,0.0,0.02881567529768403,0.37032770280260835,95025.93671875,81638.49390625,59.0755887909834,4075.9898633133125,4680.477388170421
2024-12-05 00:00:00+00:00,98741.5390625,103900.46875,91998.78125,96593.5703125,149218945580,0.0,0.0,-0.022020788503929523,0.3558633478622092,95302.31484375,82218.1109375,45.73603685762015,3833.6343312546232,4511.108517230222
2024-12-06 00:00:00+00:00,97074.2265625,102039.8828125,96514.875,99920.7109375,94534772658,0.0,0.0,0.03444474217316973,0.37083056670573755,95770.4265625,82868.5284375,51.82819458241653,3863.187556164703,4381.524166147166
2024-12-07 00:00:00+00:00,99916.7109375,100563.3828125,99030.8828125,99923.3359375,44177510897,0.0,0.0,2.627082989481444e-05,0.3681924268013971,96274.30078125,83498.619375,54.465921650018196,3842.466417402844,4273.712510656937
2024-12-08 00:00:00+00:00,99921.9140625,101399.9921875,98771.515625,101236.015625,44125751925,0.0,0.0,0.013136868131795154,0.3691075886017429,96808.96953125,84156.085,56.41791072646203,3886.3458210340323,4196.239111943805
2024-12-09 00:00:00+00:00,101237.0625,101272.5078125,94355.9140625,97432.71875,110676473908,0.0,0.0,-0.03756861480096407,0.3955308155477626,97063.416015625,84724.7053125,59.02362153450437,3575.0340089629753,4071.9980133602376
2024-12-10 00:00:00+00:00,97441.234375,98270.15625,94321.2578125,96675.4296875,104823780634,0.0,0.0,-0.007772430783165474,0.39089889795618854,97180.212890625,85310.856875,59.92185924748208,3230.334613413288,3903.665248839497
2024-12-11 00:00:00+00:00,96656.0625,101913.359375,95747.2265625,101173.03125,85391409936,0.0,0.0,0.04652269534294651,0.3944042975097456,97313.628125,85987.089375,60.78527258143807,3280.1532350034395,3778.962795975007
2024-12-12 00:00:00+00:00,101167.8046875,102524.9140625,99339.953125,100043.0,72073983533,0.0,0.0,-0.011169293200355757,0.3967406613883554,97365.894921875,86659.30546875,58.78964338935886,3192.1070114496833,3661.591601348295
2024-12-13 00:00:00+00:00,100046.6484375,101888.8046875,99233.28125,101459.2578125,56894751583,0.0,0.0,0.014156490833941326,0.396236515269401,97549.99375,87325.26953125,58.131162607997595,3199.140894697397,3569.101436237961
2024-12-14 00:00:00+00:00,101451.4375,102618.8828125,100634.0546875,101372.96875,40422968793,0.0,0.0,-0.0008504799301751742,0.3963765381405673,97717.951171875,88019.880625,60.40705444796596,3161.315185926578,3487.544169400328
2024-12-15 00:00:00+00:00,101373.53125,105047.5390625,101227.03125,104298.6953125,51145914137,0.0,0.0,0.02886101293644905,0.3557656162689707,98277.77109375,88765.560625,63.62809241898109,3328.029434268683,3455.641217124354
2024-12-16 00:00:00+00:00,104293.578125,107780.578125,103322.984375,106029.71875,91020417816,0.0,0.0,0.016596788984881483,0.3511022881510141,98979.991015625,89527.5690625,69.49584967047011,3558.232586832164,3476.1594937669497
2024-12-17 00:00:00+00:00,106030.6875,108268.4453125,105291.734375,106140.6015625,68589364868,0.0,0.0,0.001045771070669721,0.3248837355187879,99488.89453125,90252.2259375,69.46542237080601,3706.822001129447,3522.2920000977683
2024-12-18 00:00:00+00:00,106147.296875,106470.609375,100041.5390625,100041.5390625,93865656139,0.0,0.0,-0.057462106019896764,0.3934563183319994,99708.348046875,90798.646875,52.16683160535567,3296.0738879833516,3477.0483738631174
2024-12-19 00:00:00+00:00,100070.6875,102748.1484375,95587.6796875,97490.953125,97221662392,0.0,0.0,-0.025495268879325628,0.40046027894825503,99709.81953125,91301.67515625,51.508181456031586,2733.86524659126,3328.4117383906564
2024-12-20 00:00:00+00:00,97484.6953125,98098.9140625,92175.1796875,97755.9296875,105634083408,0.0,0.0,0.002717960528709318,0.3985100525340849,99775.16328125,91852.49,45.94432959632985,2283.3122237801,3119.3918241982133
2024-12-21 00:00:00+00:00,97756.1953125,99507.1015625,96426.5234375,97224.7265625,51765334294,0.0,0.0,-0.005433973434635808,0.3980579408140978,99772.41015625,92407.33515625,45.04240241302223,1862.0338192013005,2867.920212351373
2024-12-22 00:00:00+00:00,97218.3203125,97360.265625,94202.1875,95104.9375,43147981314,0.0,0.0,-0.021802983021374844,0.40245286916559003,99734.391796875,92923.6484375,39.06102857091881,1342.0743867791753,2562.751036705932
2024-12-23 00:00:00+00:00,95099.390625,96416.2109375,92403.1328125,94686.2421875,65239002919,0.0,0.0,-0.004402456102765462,0.40269305512854153,99668.595703125,93442.5509375,44.42666015609518,886.0876729098964,2227.418354689201
2024-12-24 00:00:00+00:00,94684.34375,99404.0625,93448.015625,98676.09375,47114953674,0.0,0.0,0.04213760595334648,0.41799048043601716,99663.973828125,94059.84265625,53.58902437007601,836.3438581362134,1949.2034492340636
2024-12-25 00:00:00+00:00,98675.9140625,99478.75,97593.46875,99299.1953125,33700394629,0.0,0.0,0.0063146152104343045,0.40996090502397164,99799.255078125,94658.6353125,46.09576462629371,837.4460304547392,1726.8519615495877
2024-12-26 00:00:00+00:00,99297.6953125,99884.5703125,95137.8828125,95795.515625,47054980873,0.0,0.0,-0.03528406928650052,0.41080960160986474,99592.9953125,95061.7640625,41.94671373519332,549.776818891929,1491.436929690517
2024-12-27 00:00:00+00:00,95704.9765625,97294.84375,93310.7421875,94164.859375,52419934565,0.0,0.0,-0.017022260795415023,0.41425481416280857,99305.071484375,95426.9640625,36.28125856794126,188.2716890034353,1230.8038786059085
2024-12-28 00:00:00+00:00,94160.1875,95525.8984375,94014.2890625,95163.9296875,24107436185,0.0,0.0,0.010609799867287384,0.41307386592907325,99001.4671875,95799.333125,38.71014207409945,-17.525719813711476,981.1379566634425
2024-12-29 00:00:00+00:00,95174.0546875,95174.875,92881.7890625,93530.2265625,29635885267,0.0,0.0,-0.017167251608511402,0.39628221150319887,98806.342578125,96134.3603125,29.45441276602341,-308.6955046715739,723.1712625295329
2024-12-30 00:00:00+00:00,93527.1953125,94903.3203125,91317.1328125,92643.2109375,56188003691,0.0,0.0,-0.00948373223930199,0.39667380004538283,98604.731640625,96377.74078125,23.60940878291484,-603.9615946598497,457.74468955494166
2024-12-31 00:00:00+00:00,92643.25,96090.6015625,91914.03125,93429.203125,43625106843,0.0,0.0,0.008484077565384274,0.3560784917795757,98217.540234375,96472.29515625,25.590099571379483,-765.7850669212639,213.03873712630008
2025-01-01 00:00:00+00:00,93425.1015625,94929.8671875,92788.125,94419.7578125,24519888919,0.0,0.0,0.010602195613021781,0.35842625335063966,97936.378125,96601.5740625,36.569318107160555,-804.9115543169464,9.448678083279052
2025-01-02 00:00:00+00:00,94416.2890625,97739.8203125,94201.5703125,96886.875,46009564411,0.0,0.0,0.026129247147606893,0.368254317802541,97707.758984375,96727.62828125,48.55105216527023,-629.7936349127995,-118.39978489491496
2025-01-03 00:00:00+00:00,96881.7265625,98956.9140625,96034.6171875,98107.4296875,35611391163,0.0,0.0,0.012597729955682757,0.37190889810073663,97544.48203125,96944.76828125,50.80615625871252,-388.14615443823277,-172.349058931515
2025-01-04 00:00:00+00:00,98106.9921875,98734.4296875,97562.9765625,98236.2265625,22342608078,0.0,0.0,0.0013128146911018934,0.35466172089259,97241.35859375,97088.17265625,52.363474792790704,-184.1344639238232,-174.70613993444834
2025-01-05 00:00:00+00:00,98233.90625,98813.3046875,97291.765625,98314.9609375,20525254825,0.0,0.0,0.0008014800420892421,0.347594994707352,96855.620703125,97243.30234375,58.29141043756001,-15.923820799551322,-142.94967605927184
2025-01-06 00:00:00+00:00,98314.953125,102482.875,97926.1484375,102078.0859375,51823432705,0.0,0.0,0.03827621924594227,0.3779101814302419,96652.494921875,97487.94703125,66.280193402963,416.00297455489635,-31.159145800705737
2025-01-07 00:00:00+00:00,102248.8515625,102712.484375,96132.875,96922.703125,58685738547,0.0,0.0,-0.05050430525956884,0.3648703821747813,96496.553125,97615.54828125,46.326821466705155,338.70462768861034,42.81360896900975
2025-01-08 00:00:00+00:00,96924.1640625,97258.3203125,92525.84375,95043.5234375,63875859171,0.0,0.0,-0.019388436629511285,0.36011917453034437,96374.181640625,97669.54296875,41.53051667135185,124.47784561041044,59.1464563099816
2025-01-09 00:00:00+00:00,95043.484375,95349.71875,91220.84375,92484.0390625,62777261693,0.0,0.0,-0.026929603222076492,0.3712372581410498,96110.587109375,97632.43390625,43.15226792988211,-248.82970385892258,-2.448775762090146
2025-01-10 00:00:00+00:00,92494.4921875,95770.609375,92250.09375,94701.453125,62058693684,0.0,0.0,0.023976181025154863,0.3826651573656747,95984.4234375,97556.3684375,51.083321977095736,-361.68288303131703,-74.2955972516666
2025-01-11 00:00:00+00:00,94700.8359375,94977.6875,93840.046875,94566.59375,18860894100,0.0,0.0,-0.001424047578467369,0.3747530718572758,95957.50625,97467.74703125,48.75044329935658,-456.7301939382014,-150.78251661940453
2025-01-12 00:00:00+00:00,94565.7265625,95367.5390625,93712.5078125,94488.4375,20885130965,0.0,0.0,-0.0008264678561502592,0.37441302041520336,95947.616015625,97401.97015625,52.143997119218554,-532.2232782894716,-227.07066897769946
2025-01-13 00:00:00+00:00,94488.890625,95837.0,89260.1015625,94516.5234375,72978998252,0.0,0.0,0.00029724205673309356,0.3400791251116753,95739.6375,97332.02421875,54.359087722768244,-583.0648052072065,-298.26949624173017
2025-01-14 00:00:00+00:00,94519.0078125,97352.6640625,94322.15625,96534.046875,53769675818,0.0,0.0,0.021345722040169157,0.34898201037196674,95601.380078125,97400.65921875,56.83315291324568,-455.3785317950242,-329.6913033587897
2025-01-15 00:00:00+00:00,96534.046875,100697.234375,96501.640625,100504.4921875,57805923627,0.0,0.0,0.041129999632577796,0.355292243709048,95836.82890625,97571.04265625,61.83853004176377,-33.54324926059053,-270.46169252949767
2025-01-16 00:00:00+00:00,100505.296875,100781.5859375,97364.4453125,99756.90625,54103781805,0.0,0.0,-0.0074383335632930425,0.3498443009289627,96116.43125,97646.93015625,55.98438629105668,237.72030103881843,-168.8252938025841
2025-01-17 00:00:00+00:00,100025.765625,105884.2265625,99948.90625,104462.0390625,71888972663,0.0,0.0,0.04716598568833419,0.38274266098177906,96581.33671875,97823.1215625,61.569019565452386,822.7510179493547,29.489968568487143
2025-01-18 00:00:00+00:00,104124.953125,104913.203125,102226.6171875,104408.0703125,50445655726,0.0,0.0,-0.000516635042589142,0.3744561732476906,97125.22890625,97962.0525,61.26697970963562,1267.4261441392155,277.07720370329065
2025-01-19 00:00:00+00:00,104411.2890625,106299.796875,99570.53125,101089.609375,76789928525,0.0,0.0,-0.03178356737719257,0.39435060181116754,97547.548828125,98054.86359375,54.529475547298084,1336.7282847305614,489.0074199228911
2025-01-20 00:00:00+00:00,101083.75,109114.8828125,99471.359375,102016.6640625,126279678351,0.0,0.0,0.009170622908047932,0.394446296045411,97976.921875,98149.60109375,49.889500122277916,1449.7240201418317,681.1507399769395
2025-01-21 00:00:00+00:00,102052.578125,107180.921875,100103.953125,106146.265625,88733878242,0.0,0.0,0.040479676535688514,0.4141417684088787,98563.247265625,98355.2203125,67.22938441466711,1851.077179049098,915.1360278013669
2025-01-22 00:00:00+00:00,106136.3828125,106294.34375,103360.265625,103653.0703125,53878181052,0.0,0.0,-0.023488299826845638,0.4198745171880879,98901.55703125,98508.2384375,65.72177185111465,1945.58903236904,1121.2266287219447
2025-01-23 00:00:00+00:00,103657.671875,106820.328125,101257.8046875,103960.171875,104104515428,0.0,0.0,0.002962783076025932,0.4185611817217643,99194.194140625,98612.07125,72.83481617517897,2021.9568159256887,1301.372666167619
2025-01-24 00:00:00+00:00,103965.671875,107098.546875,102772.125,104819.484375,52388229265,0.0,0.0,0.008265785680243276,0.4188661122101673,99523.35703125,98776.58953125,71.28276203879417,2127.2817364056973,1466.5544802188474
2025-01-25 00:00:00+00:00,104824.03125,105243.7890625,104120.375,104714.6484375,23888996502,0.0,0.0,-0.0010001569662844156,0.4190733098315549,99843.34140625,98872.46828125,71.37290997469708,2177.1963577021234,1608.6828557179895
2025-01-26 00:00:00+00:00,104713.2109375,105438.6484375,102507.7109375,102682.5,22543395879,0.0,0.0,-0.019406534499448846,0.40536079985814577,99873.562109375,98927.6515625,65.94519731581173,2029.4096069358202,1692.8282059627334
2025-01-27 00:00:00+00:00,102680.3046875,103214.109375,97795.9375,102087.6875,89006608428,0.0,0.0,-0.005792734886665207,0.35901218240421756,100131.811328125,98944.685,64.41512558193222,1843.0526765103714,1722.8731000725973
2025-01-28 00:00:00+00:00,102095.4140625,103730.8203125,100238.1875,101332.4765625,47180685494,0.0,0.0,-0.007397669160641884,0.35161221650384394,100446.258984375,99022.68015625,59.59729425239581,1615.8067788284243,1701.4598358235708
2025-01-29 00:00:00+00:00,101317.5234375,104750.8046875,101283.8203125,103703.2109375,47432049818,0.0,0.0,0.023395602825692086,0.33911833578218675,101007.217578125,99163.23578125,56.83511558242618,1608.4445220202906,1682.8567730627813
2025-01-30 00:00:00+00:00,103709.3359375,106418.765625,103321.6484375,104735.3046875,41915744521,0.0,0.0,0.009952379879751394,0.33282977088428456,101508.91015625,99234.48125,60.51019475779224,1666.6682810045022,1679.619074651107
2025-01-31 00:00:00+00:00,104737.5625,106026.3515625,101543.8828125,102405.0234375,45732764360,0.0,0.0,-0.022249243050878498,0.3463083984587788,101900.831640625,99281.72171875,45.17332177708167,1507.421221931916,1645.179504107111
2025-02-01 00:00:00+00:00,102402.796875,102755.7265625,100297.7109375,100655.90625,27757944848,0.0,0.0,-0.017080384621634526,0.3541627177943792,102209.205078125,99265.6546875,41.84452609553993,1225.960318946134,1561.335667074608
2025-02-02 00:00:00+00:00,100661.5390625,101430.6640625,96216.078125,97688.9765625,63091816853,0.0,0.0,-0.02947596219670423,0.3728959376672559,102367.827734375,99191.97484375,42.493889486882445,754.8165177967167,1400.0318372185561
2025-02-03 00:00:00+00:00,97681.1015625,102514.171875,91242.890625,101405.421875,115400897748,0.0,0.0,0.03804365081173988,0.3888089641742639,102611.396484375,99134.109375,48.798745176264596,673.5268910593586,1254.7308479863752
2025-02-04 00:00:00+00:00,101398.71875,101745.6171875,96208.109375,97871.8203125,73002130211,0.0,0.0,-0.034846278405663456,0.38281628119417843,102479.762890625,98970.95140625,33.34841593389231,320.3037751337979,1067.8454334155088
2025-02-05 00:00:00+00:00,97878.0078125,99113.2109375,96174.828125,96615.4453125,49125911241,0.0,0.0,-0.012836943218062724,0.38448679201012,102322.68984375,98780.44828125,35.095461476555556,-60.3037981348607,842.2155871050957
2025-02-06 00:00:00+00:00,96610.640625,99168.609375,95707.3515625,96593.296875,45302471947,0.0,0.0,-0.00022924323774897726,0.3393723568381719,101929.252734375,98711.4834375,34.2075540332235,-359.57980420619424,601.8565088425487
2025-02-07 00:00:00+00:00,96581.3203125,100154.140625,95653.8828125,96529.0859375,55741290456,0.0,0.0,-0.0006647556256734743,0.33935438418619623,101535.303515625,98692.24609375,31.600562470849127,-595.0791829503287,362.46937048374303
2025-02-08 00:00:00+00:00,96533.2578125,96877.8046875,95702.4921875,96482.453125,22447526395,0.0,0.0,-0.00048309597099249757,0.3227811770550815,101304.945703125,98666.7765625,31.682413416056647,-776.5252647189045,134.6704434430383
2025-02-09 00:00:00+00:00,96481.3125,97325.28125,94745.2578125,96500.09375,27732901800,0.0,0.0,0.00018283765004545316,0.32017236476930633,101029.1171875,98652.28390625,34.88869912060734,-908.4272478340135,-73.94909481250045
2025-02-10 00:00:00+00:00,96499.4609375,98333.21875,95320.84375,97437.5546875,40078962391,0.0,0.0,0.009714611676219231,0.28159013326920157,100593.681640625,98698.93625,38.821195699738986,-926.6373930263653,-244.48675445535739
2025-02-11 00:00:00+00:00,97438.1328125,98492.8984375,94875.0390625,95747.4296875,37488783272,0.0,0.0,-0.017345724709743937,0.2767902133321288,100198.399609375,98720.16,37.15123982449569,-1065.1627263134724,-408.62194882704495
2025-02-12 00:00:00+00:00,95745.6953125,98151.0234375,94101.203125,97885.859375,49340445530,0.0,0.0,0.02233406885677658,0.2912446694259059,99894.683984375,98704.3553125,36.472214319427685,-990.9759551210154,-525.0927500858757
2025-02-13 00:00:00+00:00,97888.75,98111.0859375,95269.7109375,96623.8671875,37147280860,0.0,0.0,-0.012892487184132717,0.2902199784439013,99484.903125,98650.84875,31.33704915628242,-1022.2267159358598,-624.5195432558976
2025-02-14 00:00:00+00:00,96623.3671875,98819.46875,96342.8046875,97508.96875,32697987277,0.0,0.0,0.009160278803397981,0.29378734582403815,99124.619140625,98685.1178125,37.93255501832179,-964.4578868978424,-692.5072119843003
2025-02-15 00:00:00+00:00,97508.3828125,97975.0390625,97240.1953125,97580.3515625,17047266288,0.0,0.0,0.0007320640697474623,0.2878683103786552,98869.51171875,98753.42765625,41.736145951630746,-902.5122414152866,-734.5082178705043
2025-02-16 00:00:00+00:00,97580.4921875,97725.59375,96060.9765625,96175.03125,16536755396,0.0,0.0,-0.014401672980240199,0.2908252014519162,98573.87890625,98773.6496875,45.55946175960667,-955.7958445246913,-778.7657432013474
2025-02-17 00:00:00+00:00,96179.0078125,97032.234375,95243.546875,95773.3828125,27336550690,0.0,0.0,-0.004176223623530095,0.29037704731628233,98295.92421875,98818.5128125,29.493117445760234,-1018.6892685709317,-826.7504482752692
2025-02-18 00:00:00+00:00,95773.8125,96695.375,93388.8359375,95539.546875,37325720482,0.0,0.0,-0.0024415545387781457,0.2736304603677464,97887.741015625,98876.43953125,38.82186866965968,-1075.0087228341436,-876.4021031870482
2025-02-19 00:00:00+00:00,95532.53125,96855.59375,95011.96875,96635.609375,28990872862,0.0,0.0,0.011472343504350446,0.2747057998003052,97482.75625,98940.56765625,50.09815069040131,-1019.4498979477066,-905.0116621391818
2025-02-20 00:00:00+00:00,96632.6796875,98767.1953125,96442.671875,98333.9375,31668022771,0.0,0.0,0.017574558032842136,0.2757445185093143,97279.201953125,99018.85125,57.28412950202895,-828.8273585047718,-889.7748014122989
2025-02-21 00:00:00+00:00,98340.671875,99497.96875,94852.9609375,96125.546875,49608706470,0.0,0.0,-0.02245807176184722,0.28029865575642376,97052.683984375,99003.6246875,48.56823376598898,-846.1978186628112,-881.0594048624009
2025-02-22 00:00:00+00:00,96134.203125,96950.15625,95765.34375,96577.7578125,18353824477,0.0,0.0,0.0047043783073406065,0.26175122526342154,96997.123046875,98973.03125,50.328683782975475,-814.090786885994,-867.665681267119
2025-02-23 00:00:00+00:00,96577.8046875,96671.875,95270.453125,96273.921875,16999478976,0.0,0.0,-0.0031460239332733453,0.2187234945041145,96740.548046875,98933.78515625,49.23508535337736,-803.8954477904335,-854.9116345717816
2025-02-24 00:00:00+00:00,96277.9609375,96503.453125,91371.7421875,91418.171875,44046480529,0.0,0.0,-0.05043681513571874,0.2535324914372449,96417.865625,98795.849375,33.90747100244829,-1174.0927270414395,-918.7478530657146
2025-02-25 00:00:00+00:00,91437.1171875,92511.078125,86008.234375,88736.171875,92139104128,0.0,0.0,-0.029337712021491935,0.2681262610703998,96023.901953125,98529.01109375,32.19976920657122,-1664.6984107608732,-1067.9379646047487
2025-02-26 00:00:00+00:00,88638.890625,89286.25,82131.8984375,84347.0234375,64597492134,0.0,0.0,-0.04946290046952739,0.312040562520616,95411.58828125,98277.4975,19.15281130638695,-2380.231134605405,-1330.3965986048834
2025-02-27 00:00:00+00:00,84076.859375,87000.78125,83144.9609375,84704.2265625,52659591954,0.0,0.0,0.004234922709094535,0.3137500970093329,94820.3453125,98070.7115625,21.674152330284116,-2885.2139580578078,-1641.3600704954713
2025-02-28 00:00:00+00:00,84705.625,85036.3203125,78248.9140625,84373.0078125,83610570576,0.0,0.0,-0.003910297790814532,0.31313918961394327,94214.873046875,97908.4909375,17.93970142446318,-3274.3973601357575,-1967.9675284235313
2025-03-01 00:00:00+00:00,84373.8671875,86522.3046875,83794.234375,86031.9140625,29190628396,0.0,0.0,0.019661575342751147,0.3260172963498134,93691.4640625,97735.10015625,23.84137204144892,-3409.6651568489906,-2256.307054108625
2025-03-02 00:00:00+00:00,86036.2578125,95043.4375,85040.2109375,94248.3515625,58398341092,0.0,0.0,0.09550452979612856,0.4834188225516727,93532.00390625,97728.7353125,46.66491041920852,-2821.3526529136725,-2369.316173869635
2025-03-03 00:00:00+00:00,94248.421875,94429.75,85081.3046875,86065.671875,70072228536,0.0,0.0,-0.08682040111941614,0.5693922327438379,93047.916015625,97560.28,36.76197448718361,-2981.014418340259,-2491.65582276376
2025-03-04 00:00:00+00:00,86064.0703125,88911.2734375,81529.2421875,87222.1953125,68095241474,0.0,0.0,0.013437685575495406,0.5646448285158836,92514.7328125,97414.3934375,38.936365716670544,-2979.8764179702266,-2589.299941805054
2025-03-05 00:00:00+00:00,87222.953125,90998.2421875,86379.7734375,90623.5625,50498988027,0.0,0.0,0.03899657851208138,0.584886430005954,92214.717578125,97296.18375,42.46497358625357,-2673.6943743492448,-2606.178828313892
2025-03-06 00:00:00+00:00,90622.359375,92804.9375,87852.140625,89961.7265625,47749810486,0.0,0.0,-0.007303133084179958,0.5834301917318407,91837.35546875,97085.3284375,39.227035637619096,-2456.1342801747815,-2576.16991868607
2025-03-07 00:00:00+00:00,89963.28125,91191.046875,84717.6796875,86742.671875,65945677657,0.0,0.0,-0.0357824911826653,0.5943136813959908,91295.471484375,96825.04375,38.23262447370494,-2514.479768488265,-2563.8318886465095
2025-03-08 00:00:00+00:00,86742.65625,86847.265625,85247.484375,86154.59375,18206118081,0.0,0.0,-0.006779571257010009,0.5933643333929913,90794.449609375,96458.89484375,36.97236040813848,-2578.4488478414714,-2566.7552804855018
2025-03-09 00:00:00+00:00,86154.3046875,86471.1328125,80052.484375,80601.0390625,30899345977,0.0,0.0,-0.0644603432710168,0.6299499015257408,90035.832421875,95982.75421875,32.68333551719893,-3042.1986807118374,-2661.843960530769
2025-03-10 00:00:00+00:00,80597.1484375,83955.9296875,77420.59375,78532.0,54061099422,0.0,0.0,-0.02567012890361897,0.6327009738334978,89185.455078125,95531.60203125,34.828033942494386,-3535.916987995355,-2836.658566023686
2025-03-11 00:00:00+00:00,78523.875,83577.7578125,76624.25,82862.2109375,54702837196,0.0,0.0,0.05513944554449135,0.6693646200338759,88496.78515625,95148.51296875,43.34248372471754,-3537.0099362615874,-2976.7288400712664
2025-03-12 00:00:00+00:00,82857.375,84358.578125,80635.25,83722.359375,40353484454,0.0,0.0,0.010380466895202334,0.6663682504590283,87766.20625,94700.03484375,49.23044880685253,-3428.9429252098926,-3067.1716570989915
2025-03-13 00:00:00+00:00,83724.921875,84301.6953125,79931.8515625,81066.703125,31412940153,0.0,0.0,-0.0317197970748182,0.6699866433351817,87013.2640625,94248.3075,45.75895073327962,-3517.044932898032,-3157.1463122588
2025-03-14 00:00:00+00:00,81066.9921875,85263.2890625,80797.5625,83969.1015625,29588112414,0.0,0.0,0.03580259620308812,0.6864761134282726,86382.83125,93848.48609375,49.555716273021545,-3314.4610875257495,-3188.6092673121902
2025-03-15 00:00:00+00:00,83968.40625,84672.671875,83639.59375,84343.109375,13650491277,0.0,0.0,0.004454112352525463,0.6874368920096803,85786.290625,93438.95859375,48.088332858438804,-3088.1346405074582,-3168.514341951244
2025-03-16 00:00:00+00:00,84333.3203125,85051.6015625,82017.90625,82579.6875,21330270174,0.0,0.0,-0.020907717157540473,0.6697139793191184,85344.36640625,92996.259375,34.531694001181876,-3016.29220681524,-3138.0699149240436
2025-03-17 00:00:00+00:00,82576.3359375,84725.328125,82492.15625,84075.6875,25092785558,0.0,0.0,0.018115835083536647,0.6672942337939285,85111.3421875,92624.123125,46.79358490395029,-2806.2930772112304,-3071.714547381481
2025-03-18 00:00:00+00:00,84075.71875,84075.71875,81179.9921875,82718.5,24095774594,0.0,0.0,-0.016142449028442418,0.6459033615205182,85029.916015625,92236.739375,42.78992548448592,-2718.048597796951,-3000.9813574645755
2025-03-19 00:00:00+00:00,82718.8046875,87021.1875,82569.7265625,86854.2265625,34931960257,0.0,0.0,0.049997601050550955,0.6700357699767219,85137.416015625,91947.174375,44.10420733345081,-2288.021761316748,-2858.3894382350104
2025-03-20 00:00:00+00:00,86872.953125,87443.265625,83647.1953125,84167.1953125,29028988961,0.0,0.0,-0.030937253791171848,0.6800444159135064,85127.125390625,91556.4540625,41.47650355764329,-2139.3812900919293,-2714.5878086063944
2025-03-21 00:00:00+00:00,84164.5390625,84782.2734375,83171.0703125,84043.2421875,19030452299,0.0,0.0,-0.0014727011460912154,0.6763765738338356,85027.691796875,91142.6128125,45.63148383168455,-2008.4326330260956,-2573.356773490335
2025-03-22 00:00:00+00:00,84046.2578125,84513.875,83674.78125,83832.484375,9863214091,0.0,0.0,-0.0025077306278807887,0.5739526342368643,84506.8984375,90771.16203125,46.195644939489725,-1899.7619524740003,-2438.637809287068
2025-03-23 00:00:00+00:00,83831.8984375,86094.78125,83794.9140625,86054.375,12594615537,0.0,0.0,0.026503933905394295,0.4958887714792121,84506.33359375,90479.13140625,60.029149500674,-1615.7269546027965,-2274.055638350214
2025-03-24 00:00:00+00:00,86070.9296875,88758.7265625,85541.1953125,87498.9140625,34582604933,0.0,0.0,0.016786352378946434,0.49719210409206055,84520.16953125,90275.33015625,66.87862402225846,-1259.5459241039498,-2071.153695500961
2025-03-25 00:00:00+00:00,87512.8203125,88542.3984375,86346.078125,87471.703125,30005840049,0.0,0.0,-0.0003109860024155253,0.4760863965548817,84362.5765625,89996.65578125,60.353788741049904,-968.3035838651558,-1850.5836731738
2025-03-26 00:00:00+00:00,87460.234375,88292.15625,85861.453125,86900.8828125,26704046038,0.0,0.0,-0.00652577110204744,0.4759652533233725,84209.534375,89777.23703125,57.233583087058456,-774.6229086831299,-1635.391520275666
2025-03-27 00:00:00+00:00,86896.2578125,87786.7265625,85837.9375,87177.1015625,24413471941,0.0,0.0,0.003178549412391707,0.4582943755780796,84231.255859375,89588.47015625,65.59478144842879,-592.0166716686363,-1426.71655055426
2025-03-28 00:00:00+00:00,87185.234375,87489.859375,83557.640625,84353.1484375,34198619509,0.0,0.0,-0.032393289916566204,0.4725944206498583,84141.18359375,89343.6671875,50.98409370811025,-667.4747481395752,-1274.8681900713232
2025-03-29 00:00:00+00:00,84352.0703125,84567.3359375,81634.140625,82597.5859375,16969396135,0.0,0.0,-0.020812056603918605,0.4164748009922006,84241.0109375,89065.0371875,45.82296210796394,-859.0324440560216,-1191.701040868263
2025-03-30 00:00:00+00:00,82596.984375,83505.0,81573.25,82334.5234375,14763760943,0.0,0.0,-0.0031848691098436133,0.4044593940143903,84431.137109375,88782.07859375,49.36793557579475,-1020.3087269085227,-1157.422578076315
2025-03-31 00:00:00+00:00,82336.0625,83870.125,81293.890625,82548.9140625,29004228247,0.0,0.0,0.0026038970780313253,0.35390139702383716,84415.472265625,88503.055,45.78525907154796,-1117.9349695509882,-1149.5250563712495
2025-04-01 00:00:00+00:00,82551.921875,85487.3671875,82429.359375,85169.171875,28175650319,0.0,0.0,0.0317418810684309,0.36993505225966583,84487.812890625,88257.68734375,56.32419211241073,-972.6595836409688,-1114.1519618251934
2025-04-02 00:00:00+00:00,85180.609375,88466.953125,82343.5390625,82485.7109375,47584398470,0.0,0.0,-0.031507420800550134,0.36968573519307846,84558.76328125,87992.45296875,37.813175901572606,-1061.8204334576003,-1103.685656151675
2025-04-03 00:00:00+00:00,82487.4765625,83909.296875,81282.1015625,83102.828125,36852112080,0.0,0.0,0.007481504135517403,0.34744993407309177,84515.449609375,87696.79234375,46.643051553585664,-1070.3466056198959,-1097.0178460453192
2025-04-04 00:00:00+00:00,83100.25,84696.1484375,81670.75,83843.8046875,45157640207,0.0,0.0,0.008916382019940938,0.34861744563400965,84490.484375,87441.19109375,49.39455115008719,-1005.7197824776667,-1078.7582333317887
2025-04-05 00:00:00+00:00,83844.703125,84207.015625,82377.734375,83504.796875,14380803631,0.0,0.0,-0.004043325726492686,0.340287193595659,84536.73984375,87161.10765625,49.012898403655456,-970.6683723454189,-1057.1402611345147
2025-04-06 00:00:00+00:00,83504.5078125,83704.71875,77097.7421875,78214.484375,36294853736,0.0,0.0,-0.06335339642726368,0.40242806689445687,84243.6796875,86773.7903125,30.068301658641076,-1354.1635995460238,-1116.5449288168165
2025-04-07 00:00:00+00:00,78221.3359375,81119.0625,74436.6796875,79235.3359375,91262424987,0.0,0.0,0.013051950296130821,0.4034120905153077,84069.521484375,86434.99640625,28.528579490323295,-1557.7553602950939,-1204.787015112472
2025-04-08 00:00:00+00:00,79218.4765625,80823.890625,76198.0234375,76271.953125,48314590749,0.0,0.0,-0.03739976334343409,0.37257046546725553,83540.4078125,86044.9678125,24.751880970496245,-1935.9074281502108,-1351.01109772002
2025-04-09 00:00:00+00:00,76273.5625,83541.0,74589.671875,82573.953125,84213627038,0.0,0.0,0.0826253916648998,0.47624950649046466,83460.745703125,85785.6559375,42.24857811686943,-1707.395447426854,-1422.2879676613868
2025-04-10 00:00:00+00:00,82565.9765625,82700.9296875,78456.1328125,79626.140625,44718000633,0.0,0.0,-0.0356990599146636,0.49237047562551584,83239.890625,85445.4665625,37.65462643520334,-1744.0573472105607,-1486.6418435712217
2025-04-11 00:00:00+00:00,79625.046875,84247.4765625,78936.3203125,83404.8359375,41656778779,0.0,0.0,0.04745546227457886,0.5230015877868265,83218.508203125,85146.88453125,48.496502855534764,-1451.4715319865063,-1479.6077812542787
2025-04-12 00:00:00+00:00,83404.515625,85856.1875,82769.375,85287.109375,24258059104,0.0,0.0,0.022567917271733462,0.5205625263876852,83180.144921875,84930.11578125,54.24702703542933,-1055.5438509406085,-1394.7949951915448
2025-04-13 00:00:00+00:00,85279.46875,86015.1875,83027.0078125,83684.9765625,28796984817,0.0,0.0,-0.01878516957885823,0.5207157498670921,82989.448046875,84672.26015625,52.04597544422303,-861.1205213522626,-1288.0601004236885
2025-04-14 00:00:00+00:00,83694.5234375,85785.0,83690.640625,84542.390625,34090769777,0.0,0.0,0.010245734631468162,0.5224399954596471,82842.982421875,84437.62953125,52.9624541029464,-630.5835371075809,-1156.564787760467
2025-04-15 00:00:00+00:00,84539.6953125,86429.3515625,83598.8203125,83668.9921875,28040322885,0.0,0.0,-0.01033089354397465,0.5231294061112112,82681.387890625,84282.6459375,47.64853537220083,-512.4500391382899,-1027.7418380360316
2025-04-16 00:00:00+00:00,83674.5078125,85428.28125,83100.6171875,84033.8671875,29617804112,0.0,0.0,0.004360934564412222,0.5232829351475795,82524.226171875,84188.59984375,52.61687485737949,-384.94859059821465,-899.1831885484681
2025-04-17 00:00:00+00:00,84030.671875,85449.0703125,83749.75,84895.75,21276866029,0.0,0.0,0.01025637449930672,0.511461862213845,82551.35625,84199.574375,53.00573501375995,-211.9132531155774,-761.7292014618899
2025-04-18 00:00:00+00:00,84900.1875,85095.046875,84298.8828125,84450.8046875,12728372364,0.0,0.0,-0.005241078764249063,0.5056852391840215,82644.0171875,84194.5059375,51.027803720391255,-109.42349323803501,-631.268059817119
2025-04-19 00:00:00+00:00,84450.8671875,85597.703125,84353.4609375,85063.4140625,15259300427,0.0,0.0,0.007254038339443714,0.5057360222360859,82780.46171875,84208.3140625,52.614902597325994,20.99085297077545,-500.81627725954013
2025-04-20 00:00:00+00:00,85066.0703125,85306.3828125,83976.84375,85174.3046875,14664050812,0.0,0.0,0.0013036230231544543,0.5057402438701696,82911.73125,84191.161875,64.1326685206543,131.77409615938086,-374.2982025757559
2025-04-21 00:00:00+00:00,85171.5390625,88460.09375,85143.8359375,87518.90625,41396190190,0.0,0.0,0.027527099529631727,0.502669714902544,83029.21796875,84056.57296875,65.96253468244205,404.1020826434251,-218.6181455319197
2025-04-22 00:00:00+00:00,87521.875,93817.3828125,87084.53125,93441.890625,55899038456,0.0,0.0,0.06767662701452015,0.5375010187196907,83577.026953125,84204.09734375,79.69907844090082,1085.3479887819994,42.17508133086421
2025-04-23 00:00:00+00:00,93427.5859375,94535.734375,91962.9609375,93699.109375,41719568821,0.0,0.0,0.0027527134594511615,0.5376828063995409,84106.841015625,84333.635625,74.33139163353611,1627.2378893150599,359.18764292770345
2025-04-24 00:00:00+00:00,93692.3984375,94016.1953125,91696.7109375,93943.796875,31483175315,0.0,0.0,0.0026114175645013393,0.5377816426100319,84611.840625,84400.0403125,85.51250977598747,2052.770707542557,697.9042558506743
2025-04-25 00:00:00+00:00,93954.25,95768.390625,92898.59375,94720.5,40915232364,0.0,0.0,0.008267742531563593,0.5364326482108294,85172.62578125,84495.21578125,82.97755011618604,2424.731178508533,1043.269640382246
2025-04-26 00:00:00+00:00,94714.6484375,95251.359375,93927.25,94646.9296875,17612825123,0.0,0.0,-0.0007767095032226168,0.46963250066915324,85994.248046875,84653.3009375,80.49215767818612,2682.6520785391767,1371.1461280136323
2025-04-27 00:00:00+00:00,94660.90625,95301.203125,93665.3984375,93754.84375,18090367764,0.0,0.0,-0.00942540809771053,0.4744393399281474,86720.2234375,84805.3059375,84.3966339443876,2782.9917832165956,1653.5152590542252
2025-04-28 00:00:00+00:00,93755.3046875,95598.4921875,92860.8046875,94978.75,32363449569,0.0,0.0,0.013054325526514532,0.44187331342465697,87655.56328125,85092.86015625,84.7777572976187,2927.5240382392076,1908.317014891222
2025-04-29 00:00:00+00:00,94981.859375,95485.4140625,93796.6328125,94284.7890625,25806129921,0.0,0.0,-0.007306486319308303,0.35666424527486706,88241.105078125,85407.9159375,85.80388808962948,2952.0407617401506,2117.0617642610077
2025-04-30 00:00:00+00:00,94286.46875,95249.3203125,92979.640625,94207.3125,28344679831,0.0,0.0,-0.0008217291810309613,0.32114764070948054,88970.163671875,85634.81796875,84.99029719964983,2931.427064260468,2279.9348242609
2025-05-01 00:00:00+00:00,94212.859375,97437.9609375,94153.6328125,96492.3359375,32875889623,0.0,0.0,0.02425526614507767,0.29330083115968053,89624.538671875,85890.2175,86.32864488623153,3064.151206187438,2436.778100646208
2025-05-02 00:00:00+00:00,96494.96875,97905.8984375,96375.9453125,96910.0703125,26421924677,0.0,0.0,0.0043291974532626565,0.2879469330861466,90205.68671875,86207.08484375,89.09781993663097,3166.541790905205,2582.7308386980076
2025-05-03 00:00:00+00:00,96904.6328125,96943.8828125,95821.2890625,95891.796875,15775154889,0.0,0.0,-0.010507405827035687,0.27966312894496576,90816.027734375,86445.53875,83.13637661153473,3129.4466053986544,2692.073992038137
2025-05-04 00:00:00+00:00,95877.1875,96318.921875,94173.4296875,94315.9765625,18198688416,0.0,0.0,-0.016433317174712747,0.291315266139189,91304.70703125,86644.99609375,75.67301675619746,2939.0137637073494,2741.4619463719796
2025-05-05 00:00:00+00:00,94319.5625,95193.1875,93566.265625,94748.0546875,25816260327,0.0,0.0,0.0045811763897039,0.28521717325207563,91858.66015625,86888.3634375,72.74529709480535,2790.788977048709,2751.327352507326
2025-05-06 00:00:00+00:00,94748.3828125,96889.1796875,93399.859375,96802.4765625,26551275827,0.0,0.0,0.02168299794413664,0.29017073104987073,92497.090625,87142.89921875,63.9757001414611,2806.7400761339522,2762.4098972326515
2025-05-07 00:00:00+00:00,96800.1953125,97625.8046875,95829.3359375,97032.3203125,76983822462,0.0,0.0,0.0023743581586117557,0.2904370684244416,93103.919140625,87429.175625,63.893489467154254,2805.58684638064,2771.0452870622494
2025-05-08 00:00:00+00:00,97034.25,103969.5390625,96913.875,103241.4609375,69895404397,0.0,0.0,0.06399043746457878,0.35003746990733225,94043.451953125,87756.9203125,75.88430913247075,3268.0268476755446,2870.4415991849087
2025-05-09 00:00:00+00:00,103239.125,104297.4921875,102343.09375,102970.8515625,58198593958,0.0,0.0,-0.002621130818400763,0.3529277152814693,94938.823828125,88132.9934375,73.63463221289958,3571.5078468049905,3010.6548487089253
2025-05-10 00:00:00+00:00,102973.7109375,104961.765625,102830.484375,104696.328125,42276713994,0.0,0.0,0.016756941758927724,0.35224073185055593,95914.925,88546.05515625,76.29926858958868,3906.2217619780713,3189.7682313627547
2025-05-11 00:00:00+00:00,104701.0703125,104937.9921875,103364.7421875,104106.359375,46285517406,0.0,0.0,-0.005635047193781384,0.35076836906547626,96744.29765625,88951.53265625,77.5251591480748,4076.883628892596,3367.1913108687236
2025-05-12 00:00:00+00:00,104106.9609375,105747.453125,100814.40625,102812.953125,63250475404,0.0,0.0,-0.01242389281274392,0.2812115504284336,97212.85078125,89286.70421875,70.75479742724278,4060.9551544422575,3505.9440795834307
2025-05-13 00:00:00+00:00,102812.4921875,104997.421875,101515.09375,104169.8125,52608876410,0.0,0.0,0.013197358248725033,0.2825770380353168,97736.3859375,89620.1221875,75.29933516620845,4110.436378384853,3626.842539343715
2025-05-14 00:00:00+00:00,104167.328125,104303.5625,102618.296875,103539.4140625,45956071155,0.0,0.0,-0.006051642240404331,0.28539345293606533,98216.166796875,89941.47640625,73.22683099744536,4052.0729465605837,3711.888620787089
2025-05-15 00:00:00+00:00,103538.828125,104153.6171875,101440.8125,103744.640625,50408241840,0.0,0.0,0.00198211052629782,0.28531816072274385,98667.373828125,90278.3515625,70.1349349401458,3976.5404904359457,3764.8189947168603
2025-05-16 00:00:00+00:00,103735.65625,104533.484375,103137.4765625,103489.2890625,44386499364,0.0,0.0,-0.0024613470244020386,0.2858100779272436,99109.491796875,90604.5953125,68.43241113640343,3851.6760147218447,3782.190398717858
2025-05-17 00:00:00+00:00,103489.2890625,103716.9453125,102659.1796875,103191.0859375,37898552742,0.0,0.0,-0.0028814878109744146,0.282467463813485,99581.30390625,90981.3540625,71.30954721468677,3686.1656951353943,3762.9854580013657
2025-05-18 00:00:00+00:00,103186.953125,106597.171875,103142.6015625,106446.0078125,49887082058,0.0,0.0,0.03154266519659865,0.2967623293945454,100154.666796875,91458.3225,82.25058949233036,3774.136661005483,3765.2156986021896
2025-05-19 00:00:00+00:00,106430.53125,107068.71875,102112.6875,105606.1796875,61761126647,0.0,0.0,-0.007889709931436006,0.29711299491615334,100720.736328125,91923.755625,78.25626954786391,3733.054843487873,3758.7835275793263
2025-05-20 00:00:00+00:00,105605.40625,107307.1171875,104206.515625,106791.0859375,36515726122,0.0,0.0,0.011220046530480143,0.29660179177341817,101349.925,92408.5990625,77.22561274248845,3752.8487320593413,3757.5965684753296
2025-05-21 00:00:00+00:00,106791.3125,110724.4609375,106127.234375,109678.078125,78086364051,0.0,0.0,0.027034018449719976,0.29896874865561596,102009.212109375,92898.7771875,80.1070990805996,3955.890622875595,3797.255379355383
2025-05-22 00:00:00+00:00,109673.4921875,111970.171875,109285.0703125,111673.28125,70157575642,0.0,0.0,0.018191448638679386,0.3016164378554661,102747.37265625,93482.52859375,75.11361092638106,4229.04915184062,3883.6141338524308
2025-05-23 00:00:00+00:00,111679.359375,111798.90625,106841.3046875,107287.796875,67548133399,0.0,0.0,-0.03927066820202352,0.33907244381567636,103317.17265625,93966.22796875,60.32652023838669,4045.028749590012,3915.8970569999474
2025-05-24 00:00:00+00:00,107278.5078125,109454.5234375,106895.2890625,107791.15625,45903627163,0.0,0.0,0.004691674073487251,0.3287999628098829,103990.931640625,94445.175,57.862832634790685,3894.9100503769587,3911.6996556753497
2025-05-25 00:00:00+00:00,107802.2734375,109313.3046875,106683.375,109035.390625,47518041841,0.0,0.0,0.011543009819045436,0.32907717154138844,104705.2984375,94955.786875,62.119947748578454,3832.164407540462,3895.7926060483724
2025-05-26 00:00:00+00:00,109023.78125,110376.8828125,108735.640625,109440.3671875,45950461571,0.0,0.0,0.003714175371671846,0.324776770650586,105337.19296875,95580.30453125,67.04060655318168,3771.6391486151406,3870.9619145617266
2025-05-27 00:00:00+00:00,109440.40625,110744.2109375,107609.5546875,108994.640625,57450176272,0.0,0.0,-0.004072780217708405,0.32662457839717357,105935.308984375,96175.490625,63.0155838506594,3645.6808967805555,3825.905711005493
2025-05-28 00:00:00+00:00,108992.171875,109298.2890625,106812.9296875,107802.328125,49155377493,0.0,0.0,-0.010939184653144474,0.24943686148019073,106163.35234375,96806.098125,61.16137377929218,3410.336189086316,3742.7918066216575
2025-05-29 00:00:00+00:00,107795.5703125,108910.046875,105374.3984375,105641.7578125,56022752042,0.0,0.0,-0.020041963379443528,0.26135826305329535,106296.89765625,97267.45421875,54.50577344493657,3014.731894627592,3597.1798242228447
2025-05-30 00:00:00+00:00,105646.2109375,106308.9453125,103685.7890625,103998.5703125,57655287183,0.0,0.0,-0.015554336978341854,0.2613602338011471,106262.009765625,97754.9028125,51.13476688433135,2539.349108279086,3385.613681034093
2025-05-31 00:00:00+00:00,103994.71875,104927.1015625,103136.1171875,104638.09375,38997843858,0.0,0.0,0.006149348357177731,0.26146057305997233,106288.596484375,98179.56796875,53.175877752960645,2188.9758700236416,3146.286118832003
2025-06-01 00:00:00+00:00,104637.296875,105884.546875,103826.953125,105652.1015625,37397056873,0.0,0.0,0.009690618169351017,0.2588636592158685,106430.55390625,98586.8678125,48.06744359415174,1970.410839981967,2911.111063061996
2025-06-02 00:00:00+00:00,105649.8125,105958.3125,103727.546875,105881.53125,45819706290,0.0,0.0,0.0021715582000447764,0.25518221104231564,106516.13984375,99030.79890625,50.6907996733867,1795.0176905874978,2687.8923885670965
2025-06-03 00:00:00+00:00,105888.4765625,106813.578125,104920.84375,105432.46875,46196508367,0.0,0.0,-0.004241178746647534,0.25460472431945436,106610.792578125,99448.60046875,46.46084138126968,1601.3227141215757,2470.5784536779925
2025-06-04 00:00:00+00:00,105434.3671875,105997.6953125,104232.703125,104731.984375,44544857105,0.0,0.0,-0.0066439151364365845,0.2560136718627761,106660.159765625,99869.8603125,35.45913398818908,1375.4396037880797,2251.55068370001
2025-06-05 00:00:00+00:00,104750.78125,105936.6875,100436.8828125,101575.953125,57479298400,0.0,0.0,-0.030134359325224014,0.27827591442033117,106564.49296875,100220.70203125,22.211825655306228,931.0279568128462,1987.446138322577
2025-06-06 00:00:00+00:00,101574.3671875,105376.7734375,101169.5703125,104390.34375,48856653697,0.0,0.0,0.027707252931573167,0.2958490978827306,106624.455859375,100610.59390625,41.27131018134542,796.7419802000513,1749.305306698072
2025-06-07 00:00:00+00:00,104390.6484375,105972.7578125,103987.3125,105615.625,38365033776,0.0,0.0,0.011737496074678777,0.2762034019518614,106582.93671875,101033.8903125,43.719314706386506,780.1957217604213,1555.4833897105418
2025-06-08 00:00:00+00:00,105617.5078125,106497.0625,105075.328125,105793.6484375,36626232328,0.0,0.0,0.0016855786016509722,0.2747768294318149,106592.31015625,101448.495,40.02725457066841,772.5423093940044,1398.8951736472345
2025-06-09 00:00:00+00:00,105793.0234375,110561.421875,105400.234375,110294.1015625,55903193732,0.0,0.0,0.04253991795791734,0.31143385555888925,106767.4609375,101950.8909375,52.09778369549942,1116.7526488742878,1342.4666686926453
2025-06-10 00:00:00+00:00,110295.6875,110380.125,108367.7109375,110257.234375,54700101509,0.0,0.0,-0.0003342625487465778,0.29682960499252187,106796.41875,102405.6575,53.16604186387657,1370.7656161300838,1348.126458180133
2025-06-11 00:00:00+00:00,110261.796875,110384.21875,108086.328125,108686.625,50842662052,0.0,0.0,-0.014244955298426398,0.2933970007956032,106647.0859375,102710.5521875,52.17614990460239,1428.8665883012436,1364.2744842043553
2025-06-12 00:00:00+00:00,108685.9140625,108780.6953125,105785.6875,105929.0546875,54843867968,0.0,0.0,-0.025371753999169577,0.2729045343652217,106579.148828125,102955.15109375,50.68682273048175,1238.1267950818728,1339.0449463798589
2025-06-13 00:00:00+00:00,105924.59375,106182.546875,102822.0234375,106090.96875,69550440846,0.0,0.0,0.0015285141831733462,0.2723372090105524,106494.139453125,103198.09453125,55.383442137047254,1087.4933005385246,1288.7346172115922
2025-06-14 00:00:00+00:00,106108.0859375,106203.7578125,104379.3671875,105472.40625,38007870453,0.0,0.0,-0.0058304915798971235,0.2689775993885153,106315.990234375,103413.13265625,52.148884589009114,907.7385024285613,1212.5353942549862
2025-06-15 00:00:00+00:00,105464.84375,106157.1015625,104519.8828125,105552.0234375,36744307742,0.0,0.0,0.0007548627203146641,0.26841773476899555,106121.573046875,103631.23453125,49.72920089530708,762.9116014382889,1122.6106356916468
2025-06-16 00:00:00+00:00,105555.59375,108915.375,104997.625,106796.7578125,50366626945,0.0,0.0,0.011792615001237072,0.27241393387073487,106011.67890625,103892.0728125,52.3475050507358,740.0441319476959,1046.0973349428566
2025-06-17 00:00:00+00:00,106794.1171875,107750.1953125,103396.53125,104601.1171875,55964092176,0.0,0.0,-0.020559056941174436,0.27918193496996657,105851.618359375,104084.52015625,48.042974271565946,538.5436534461915,944.5865986435235
2025-06-18 00:00:00+00:00,104602.0703125,105581.8515625,103602.265625,104883.328125,47318089133,0.0,0.0,0.0026979724986506692,0.27053454693693946,105813.696875,104296.4909375,50.36342433824953,397.0482119286171,835.0789213005423
2025-06-19 00:00:00+00:00,104886.7734375,105250.890625,103940.7734375,104684.2890625,37333806920,0.0,0.0,-0.0018977187896134229,0.2645466486473224,105847.9828125,104506.03046875,58.69955468754441,265.78743415072677,721.2206238705793
2025-06-20 00:00:00+00:00,104681.03125,106539.3828125,102372.2109375,103309.6015625,50951862476,0.0,0.0,-0.013131746055793259,0.26787909437886404,105781.558203125,104642.37578125,46.710111694722336,50.25719616518472,587.0279383295004
2025-06-21 00:00:00+00:00,103315.078125,104015.78125,100973.0625,102257.40625,38360555118,0.0,0.0,-0.010184874363913243,0.2671361621117609,105611.8234375,104749.3225,39.66837029003899,-203.11406569783867,428.9995375240326
2025-06-22 00:00:00+00:00,102212.03125,103351.6328125,98286.203125,100987.140625,65536997201,0.0,0.0,-0.012422235919953284,0.26948976348849346,105367.10390625,104851.229375,36.14389397854762,-500.641353944593,243.07135923030742
2025-06-23 00:00:00+00:00,100987.4765625,106116.859375,99705.75,105577.7734375,65237759656,0.0,0.0,0.04545759771084712,0.3179493740741097,105374.369140625,105076.4653125,36.47418783288568,-361.83713839767734,122.08965970471044
2025-06-24 00:00:00+00:00,105571.515625,106316.828125,104740.2421875,106045.6328125,48822986421,0.0,0.0,0.004431419225533917,0.317190572542473,105440.0515625,105302.416875,38.21305769793365,-211.64178140182048,55.34337148340424
2025-06-25 00:00:00+00:00,106047.40625,108168.3984375,105881.390625,107361.2578125,51624120283,0.0,0.0,0.012406215749838134,0.29747581141669366,105729.316796875,105513.5925,46.237008967012414,13.394658025441458,46.95362879181168
2025-06-26 00:00:00+00:00,107375.0703125,108305.546875,106666.3515625,106960.0,43891990613,0.0,0.0,-0.003737454466123835,0.2833551067422143,105857.799609375,105712.14609375,53.37920855008059,157.54344285753905,69.07159160495716
2025-06-27 00:00:00+00:00,106954.921875,107772.46875,106449.9921875,107088.4296875,45353692675,0.0,0.0,0.0012007263229245613,0.2806957948527623,105931.43984375,105789.08546875,53.27664676682799,278.93026138040295,111.04332556004633
2025-06-28 00:00:00+00:00,107090.546875,107567.8828125,106883.9765625,107327.703125,30037708335,0.0,0.0,0.002234353778444831,0.28072450336316024,106008.142578125,105876.2225,56.25038163759905,389.94254140554403,166.8231687291459
2025-06-29 00:00:00+00:00,107327.8203125,108526.3046875,107230.109375,108385.5703125,35534874438,0.0,0.0,0.009856422495764683,0.23693031011201265,105912.716015625,105950.00734375,58.9557435242014,556.8624503945612,244.83102506222897
2025-06-30 00:00:00+00:00,108383.4375,108798.7890625,106759.6484375,107135.3359375,42064804590,0.0,0.0,-0.011535062936840146,0.23997492118067562,105756.62109375,106010.586875,51.06974232188733,581.5603498476848,312.1768900193202
2025-07-01 00:00:00+00:00,107144.3828125,107550.6796875,105270.2265625,105698.28125,44110692247,0.0,0.0,-0.013413452013053329,0.23939875283214412,105607.20390625,106068.2934375,53.64103936212522,479.64624654551153,345.6707613245585
2025-07-02 00:00:00+00:00,105703.1015625,109763.65625,105157.3984375,108859.3203125,56248657737,0.0,0.0,0.02990624847553991,0.24595896789123112,105753.7171875,106162.08359375,61.07798847114456,646.4956205394119,405.8357331675292
2025-07-03 00:00:00+00:00,108845.015625,110541.4609375,108605.796875,109647.9765625,50494742270,0.0,0.0,0.007244728772290987,0.24681008638190013,105931.567578125,106284.25484375,63.38998267642856,832.7633423225634,491.2212549985361
2025-07-04 00:00:00+00:00,109635.65625,109751.984375,107296.3828125,108034.3359375,42616442656,0.0,0.0,-0.014716556343200904,0.2523889236534695,106059.6640625,106370.04875,62.583164244493304,840.485942484418,561.0741924957125
2025-07-05 00:00:00+00:00,108015.8359375,108381.34375,107842.2734375,108231.1796875,30615537520,0.0,0.0,0.0018220480395592098,0.2523857003999989,106193.621875,106464.8865625,66.66912278605906,852.6608606325462,619.3915261230793
2025-07-06 00:00:00+00:00,108231.1875,109731.625,107847.015625,109232.0703125,36746020463,0.0,0.0,0.009247710575546852,0.2511507982920702,106315.3875,106585.70625,73.35766148719563,932.3258080064988,681.9783824997633
2025-07-07 00:00:00+00:00,109235.328125,109710.25,107527.0546875,108299.8515625,45415696597,0.0,0.0,-0.008534295352390808,0.24071478075735445,106500.32421875,106622.783125,59.728037327859525,909.7515410893247,727.5330142176756
2025-07-08 00:00:00+00:00,108298.2265625,109198.96875,107499.5546875,108950.2734375,44282204127,0.0,0.0,0.006005750382996888,0.24115590217156313,106703.671484375,106689.665,60.24676414203049,933.5831163663534,768.7430346474113
2025-07-09 00:00:00+00:00,108950.2734375,111925.375,108357.6796875,111326.5546875,57927418065,0.0,0.0,0.021810695604753683,0.250558745556329,107035.784765625,106780.374375,63.014534612398364,1131.1763519747037,841.22969811287
2025-07-10 00:00:00+00:00,111329.1953125,116608.78125,110660.75,115987.203125,95911605728,0.0,0.0,0.041864660687494615,0.27761102132395876,107669.66484375,106906.556875,73.15439281042399,1644.88458720778,1001.9606759318522
2025-07-11 00:00:00+00:00,115986.234375,118856.4765625,115245.6875,117516.9921875,86928361085,0.0,0.0,0.013189291760499877,0.27193659460121467,108432.644140625,107023.43109375,74.95485208308563,2150.651880850448,1231.6989169155713
2025-07-12 00:00:00+00:00,117530.7109375,118219.8984375,116977.0234375,117435.2265625,45524560304,0.0,0.0,-0.0006957770402219454,0.2638268278661192,109255.0484375,107226.3796875,74.37033342236853,2515.876840189245,1488.5345015703062
2025-07-13 00:00:00+00:00,117432.203125,119449.5703125,117265.4375,119116.1171875,49021091807,0.0,0.0,0.014313342548076147,0.2250219301752894,109931.965625,107452.87890625,75.11788036258727,2907.4389311780687,1772.3153874918592
2025-07-14 00:00:00+00:00,119115.7890625,123091.609375,118959.1953125,119849.703125,181746419401,0.0,0.0,0.006158578325259345,0.22493097948269844,110622.169140625,107669.16515625,80.49926592870982,3239.6048159024067,2065.773273173969
2025-07-15 00:00:00+00:00,119853.8515625,119935.5625,115765.6875,117777.1875,98321661181,0.0,0.0,-0.01729262210051885,0.23841747454629078,111142.965625,107835.9015625,78.11769823695613,3297.60128756809,2312.138876052793
2025-07-16 00:00:00+00:00,117777.1875,120065.515625,117064.8203125,118738.5078125,72162029070,0.0,0.0,0.00816219450392297,0.2365356009142946,111731.891015625,108030.77890625,75.62100550618129,3382.1471374209214,2526.140528326419
2025-07-17 00:00:00+00:00,118738.5078125,120999.609375,117508.21875,119289.84375,72363841798,0.0,0.0,0.004643278306736054,0.23605145987684883,112341.96171875,108260.52921875,75.31717263718028,3453.8249904251425,2711.677420746164
2025-07-18 00:00:00+00:00,119284.109375,120851.9140625,116925.984375,118003.2265625,77945799785,0.0,0.0,-0.01078563897020779,0.2428760994152909,112875.737890625,108507.75859375,76.6332461712118,3367.986894623813,2842.939315521694
2025-07-19 00:00:00+00:00,117998.125,118541.3984375,117388.4140625,117939.9765625,47564562765,0.0,0.0,-0.0005360022928398989,0.24284349708802663,113353.458203125,108786.58671875,76.12485683869568,3257.3076241853705,2925.8129772544294
2025-07-20 00:00:00+00:00,117944.109375,118865.03125,116550.1328125,117300.7890625,57515447231,0.0,0.0,-0.00541960002562214,0.23847106048565933,113861.730859375,109039.840625,72.142686238979,3082.483465030178,2957.1470748095794
2025-07-21 00:00:00+00:00,117306.46875,119671.5625,116584.3984375,117439.5390625,69820091744,0.0,0.0,0.0011828564931994912,0.22925853479863367,114448.79375,109275.589375,76.22374330553481,2921.4533293351415,2950.008325714692
2025-07-22 00:00:00+00:00,117426.5,120269.96875,116233.2265625,119995.4140625,79217583118,0.0,0.0,0.02176332622218302,0.21931009982546326,115005.5984375,109557.86703125,78.56726606726606,2965.8846665194724,2953.1835938756485
2025-07-23 00:00:00+00:00,119997.4453125,120113.3515625,117391.390625,118754.9609375,66608604537,0.0,0.0,-0.010337504434577038,0.225680653090536,115460.94765625,109824.316875,70.41221320294743,2867.9427621484065,2936.1354275302006
2025-07-24 00:00:00+00:00,118770.984375,119535.453125,117247.96875,118368.0,72627318560,0.0,0.0,-0.0032584822936673197,0.21649297947359242,115977.630859375,110097.0371875,58.55030206716519,2727.655864715329,2894.4395149672264
2025-07-25 00:00:00+00:00,118368.0,118486.9765625,114759.8203125,117635.8828125,104857024569,0.0,0.0,-0.006185093838706357,0.21972922882823281,116447.866015625,110418.23578125,50.452929607512594,2528.257569843947,2821.2031259425708
2025-07-26 00:00:00+00:00,117644.84375,118335.6875,117181.2265625,117947.3671875,48508954046,0.0,0.0,0.002647868724685587,0.21899181250983335,116883.630859375,110689.37625,51.9175057741044,2368.069538874028,2730.5764085288624
2025-07-27 00:00:00+00:00,117944.7265625,119815.59375,117859.6875,119448.4921875,54683390892,0.0,0.0,0.012727075099638885,0.21591844658295026,117441.062890625,110966.03359375,51.26142559118948,2335.3274115857494,2651.52660914024
2025-07-28 00:00:00+00:00,119457.5234375,119819.7890625,117441.4375,117924.4765625,64822943193,0.0,0.0,-0.012758768211219684,0.2248458796243433,117889.773046875,111208.65015625,43.106962100025676,2161.4874339637317,2553.5187741049385
2025-07-29 00:00:00+00:00,117938.5859375,119273.8671875,116987.3671875,117922.1484375,68463107433,0.0,0.0,-1.9742508661990676e-05,0.2151305451844914,118219.552734375,111361.21109375,50.60934479753201,2000.4699664936634,2442.9090125826838
2025-07-30 00:00:00+00:00,117921.9921875,118780.7265625,115800.828125,117831.1875,68896148592,0.0,0.0,-0.0007713643170961237,0.15872865255454613,118311.751953125,111512.69015625,45.884967448096596,1844.2631583168986,2323.1798417295267
2025-07-31 00:00:00+00:00,117833.6328125,118919.984375,115505.21875,115758.203125,69370346018,0.0,0.0,-0.017592832754910526,0.16446021312985845,118223.8125,111654.12171875,35.9253553454694,1535.4953880148096,2165.6429509865834
2025-08-01 00:00:00+00:00,115738.953125,116060.7734375,112724.4453125,113320.0859375,91294530181,0.0,0.0,-0.021062154747402473,0.1796378099445074,118018.05546875,111801.94234375,32.90526289373031,1081.5911155683862,1948.832583902944
2025-08-02 00:00:00+00:00,113320.390625,114021.6015625,112005.765625,112526.9140625,56870866000,0.0,0.0,-0.006999393518263508,0.17008247786777758,117688.5953125,111930.66125,31.24051022242631,650.36931533186,1689.139930188727
2025-08-03 00:00:00+00:00,112525.8046875,114747.421875,111943.8046875,114217.671875,48099615826,0.0,0.0,0.015025363723748075,0.17894864544156955,117406.99375,112105.5665625,40.04103314701021,439.98112849394965,1439.3081698497717
2025-08-04 00:00:00+00:00,114223.921875,115729.46875,114130.40625,115071.8828125,35783028986,0.0,0.0,0.007478798363486527,0.17300634067228524,117271.728515625,112295.96375,42.689965381899015,338.27523206615297,1219.101582293048
2025-08-05 00:00:00+00:00,115072.1875,115117.4375,112701.109375,114141.4453125,61039182286,0.0,0.0,-0.008085706753543476,0.17106571699696216,117041.875390625,112442.8575,29.90967628460872,180.51320231088903,1011.3839062966163
2025-08-06 00:00:00+00:00,114140.9140625,115737.8359375,113372.25,115028.0,56379133510,0.0,0.0,0.007767158415357134,0.17300309620026588,116828.783203125,112651.39515625,36.89095484650318,125.57565318410343,834.2222556741136
2025-08-07 00:00:00+00:00,115030.0546875,117676.90625,114279.7109375,117496.8984375,64051649681,0.0,0.0,0.021463456180234486,0.1879201744160463,116803.466796875,112903.6665625,47.32744433583872,278.05151535874757,722.9881076110405
2025-08-08 00:00:00+00:00,117505.5,117689.203125,115917.4609375,116688.7265625,59713005166,0.0,0.0,-0.0068782400705657,0.18943600441687203,116740.904296875,113143.7553125,47.10760521659799,329.8744314208452,644.3653723730015
2025-08-09 00:00:00+00:00,116678.2734375,117906.609375,116363.8359375,116500.359375,54004312429,0.0,0.0,-0.0016142706587778388,0.1885958532759576,116700.8828125,113407.57046875,45.54769609613017,351.69073609789484,585.8304451179802
2025-08-10 00:00:00+00:00,116497.71875,119320.7109375,116485.1640625,119306.7578125,64755458694,0.0,0.0,0.02408918266480664,0.2075226949809376,116794.24375,113748.5575,49.59632199540027,588.6476508787455,586.3938862701333
2025-08-11 00:00:00+00:00,119306.8125,122321.09375,118159.03125,118731.4453125,90528784177,0.0,0.0,-0.004822128356753663,0.1929685498339771,116731.0453125,114103.44359375,52.42965223879333,721.6955453569972,613.4542180875061
2025-08-12 00:00:00+00:00,118717.6640625,120302.46875,118228.71875,120172.90625,72803657984,0.0,0.0,0.012140515376580119,0.19419889023474218,116801.942578125,114395.34625,56.23623565553456,932.6992349536449,677.3032214607339
2025-08-13 00:00:00+00:00,120168.9765625,123682.453125,118939.6328125,123344.0625,90904808795,0.0,0.0,0.026388279596092357,0.21378160611884445,117050.745703125,114741.31484375,63.047607213859706,1340.3561942011875,809.9138160088247
2025-08-14 00:00:00+00:00,123339.3984375,124457.1171875,117254.8828125,118359.578125,104055627395,0.0,0.0,-0.040411222672351976,0.26082010357679886,117086.93046875,114961.28125,55.411076443057716,1246.8481501015485,897.3006828273697
2025-08-15 00:00:00+00:00,118365.78125,119332.3125,116864.5703125,117398.3515625,68665353159,0.0,0.0,-0.008121240187970669,0.2624050801003501,117059.4796875,115170.04828125,59.03846513454383,1082.6987242412579,934.3802911101473
2025-08-16 00:00:00+00:00,117398.421875,117996.0625,117271.953125,117491.3515625,48036922378,0.0,0.0,0.0007921746665282559,0.2580491760633778,116961.62265625,115378.10671875,61.35484479667893,949.1719806269393,937.3386290135059
2025-08-17 00:00:00+00:00,117492.7890625,118595.7734375,117279.5234375,117453.0625,45852169525,0.0,0.0,-0.00032588834829794244,0.25408649682918155,116938.051953125,115580.61390625,58.005234630521684,830.6858377026656,916.0080707513378
2025-08-18 00:00:00+00:00,117453.90625,117614.171875,114723.6796875,116252.3125,72787808090,0.0,0.0,-0.01022323279139703,0.25662422178226746,116854.56015625,115737.94875,52.87146181817629,632.6019839871879,859.3268533985079
2025-08-19 00:00:00+00:00,116241.859375,116764.5,112730.3984375,112831.1796875,71657600353,0.0,0.0,-0.029428514056440758,0.2763020100121467,116604.559765625,115851.865625,47.157183605861576,197.28806246172462,726.9190952111512
2025-08-20 00:00:00+00:00,112828.0234375,114625.796875,112387.9609375,114274.7421875,67993811526,0.0,0.0,0.012794003430595335,0.2746369271359027,116530.38671875,116023.39484375,48.40426429859755,-30.86216736791539,575.3628426953379
2025-08-21 00:00:00+00:00,114275.6875,114802.6484375,111986.234375,112419.03125,57817883700,0.0,0.0,-0.01623902974513114,0.27034800627930566,116485.333984375,116094.5890625,38.95588757542237,-357.2945627599547,388.8313616042793
2025-08-22 00:00:00+00:00,112433.734375,117377.3984375,111678.9453125,116874.0859375,82528088240,0.0,0.0,0.03962900798880531,0.3035586573803703,116702.692578125,116239.11125,50.34795019411063,-253.58572866901523,260.3479435496204
2025-08-23 00:00:00+00:00,116866.3671875,116996.25,114536.109375,115374.328125,55377142586,0.0,0.0,-0.012832252765613172,0.30389675173964886,116760.525390625,116385.91109375,47.98543799238187,-289.08130262796476,150.46209431410335
2025-08-24 00:00:00+00:00,115387.390625,115615.0859375,111060.546875,113458.4296875,73961489632,0.0,0.0,-0.016605933647771742,0.3087350167954564,116679.852734375,116490.45609375,39.192497264146304,-466.4320544152288,27.083264568236892
2025-08-25 00:00:00+00:00,113456.8984375,113637.84375,109324.28125,110124.3515625,85706860190,0.0,0.0,-0.029385900493979156,0.3245075525605174,116478.998046875,116508.30171875,35.5661053686309,-866.0329547640722,-151.539979298225
2025-08-26 00:00:00+00:00,110124.1015625,112397.015625,108762.0390625,111802.65625,69396320317,0.0,0.0,0.015240086898922645,0.32842639297968357,116317.730859375,116578.3578125,36.073910470979335,-1035.359406409334,-328.3038647204469
2025-08-27 00:00:00+00:00,111795.7109375,112619.4140625,110398.265625,111222.0625,62137056409,0.0,0.0,-0.005193022862549412,0.31745763090786916,116003.9890625,116623.79359375,27.92937701060221,-1202.538784120421,-503.1508486004418
2025-08-28 00:00:00+00:00,111219.0546875,113450.078125,110900.921875,112544.8046875,58860155962,0.0,0.0,0.01189280397942638,0.3210358665798354,115796.79296875,116648.15859375,37.78414154613968,-1214.2977370676817,-645.3802262938898
2025-08-29 00:00:00+00:00,112550.5234375,112619.0546875,107559.625,108410.8359375,77843379644,0.0,0.0,-0.036731759955323295,0.34439091382002784,115392.316796875,116496.63125,33.339695828327336,-1539.447725987775,-824.1937262326669
2025-08-30 00:00:00+00:00,108409.40625,108929.3515625,107444.4453125,108808.0703125,51486264208,0.0,0.0,0.003664157476186425,0.3301294156193766,114867.382421875,116322.4528125,34.08319027021888,-1744.9630922247015,-1008.3475994310741
2025-08-31 00:00:00+00:00,108818.4609375,109491.0,108104.65625,108236.7109375,47986191770,0.0,0.0,-0.00525107534173741,0.33014039167471854,114342.645703125,116138.4825,33.429877076685415,-1931.6723111594329,-1193.012541776746
2025-09-01 00:00:00+00:00,108228.75,109890.5859375,107271.1796875,109250.59375,66870372995,0.0,0.0,0.009367272930950854,0.3284387813567554,113796.530078125,115941.17203125,37.32641736759639,-1975.0615624774946,-1349.422345916896
2025-09-02 00:00:00+00:00,109243.0703125,111748.015625,108454.03125,111200.5859375,74776999491,0.0,0.0,0.017848801737061493,0.3190343309639326,113189.35625,115768.1896875,46.88248512161707,-1830.9932337395585,-1445.7365234814285
2025-09-03 00:00:00+00:00,111190.6953125,112600.2265625,110582.9609375,111723.2109375,61119643565,0.0,0.0,0.004699840343410866,0.29158393244919995,112857.537890625,115647.11015625,44.94369880548453,-1655.5622840592696,-1487.701675596997
2025-09-04 00:00:00+00:00,111718.1484375,112208.328125,109347.2265625,110723.6015625,60131132901,0.0,0.0,-0.008947195185422974,0.2918014967081625,112523.800390625,115486.81203125,46.52221000361216,-1578.9904954595113,-1505.9594395694999
2025-09-05 00:00:00+00:00,110723.015625,113357.4921875,110233.3984375,110650.984375,60241647677,0.0,0.0,-0.0006558419928113235,0.2916127965453387,112181.78203125,115314.03484375,34.43653746432773,-1506.7969837877463,-1506.1269484131494
2025-09-06 00:00:00+00:00,110650.5703125,111275.015625,110024.0859375,110224.6953125,21500719036,0.0,0.0,-0.0038525555367432407,0.29147913197711106,111820.363671875,115158.46421875,36.39045496533984,-1467.0696051696286,-1498.3154797644454
2025-09-07 00:00:00+00:00,110221.328125,111591.078125,110211.625,111167.6171875,24618007520,0.0,0.0,0.008554542812086785,0.2929338052869592,111566.12890625,115023.01703125,43.6175621953789,-1344.0065851111576,-1467.453700833788
2025-09-08 00:00:00+00:00,111163.015625,112869.234375,110630.609375,112071.4296875,40212813407,0.0,0.0,0.008130177859939192,0.27627699488080393,111528.14140625,114918.42984375,56.274439311958155,-1160.1743718450598,-1405.9978350360425
2025-09-09 00:00:00+00:00,112077.578125,113225.4375,110776.703125,111530.546875,45984480722,0.0,0.0,-0.004826232823193166,0.27234258808365336,111390.931640625,114800.25,49.05376505336732,-1046.072271031313,-1334.0127222350966
2025-09-10 00:00:00+00:00,111531.25,114275.25,110940.078125,113955.359375,56377473784,0.0,0.0,0.02174124101370767,0.2776117697487342,111467.748046875,114679.44890625,58.42427108535853,-751.3226504968043,-1217.4747078874382
2025-09-11 00:00:00+00:00,113961.4296875,115522.546875,113453.8359375,115507.5390625,45685065332,0.0,0.0,0.013620945043858246,0.2425281221081182,111399.420703125,114614.50046875,59.004074306228276,-388.01077728084056,-1051.5819217661187
2025-09-12 00:00:00+00:00,115507.7890625,116769.3828125,114794.484375,116101.578125,54785725894,0.0,0.0,0.005142859655061782,0.23874552537995883,111435.783203125,114569.17203125,79.78078001220982,-51.55521604596288,-851.5765806220875
2025-09-13 00:00:00+00:00,116093.5625,116334.6328125,115248.2734375,115950.5078125,34549454947,0.0,0.0,-0.0013011908618274504,0.2302988203854693,111560.387109375,114535.46453125,78.1951075089745,200.58589920698432,-641.1440846562732
2025-09-14 00:00:00+00:00,115950.2890625,116181.5,115222.3984375,115407.65625,32798036057,0.0,0.0,-0.004681752350561785,0.2017224481109471,111824.55234375,114484.6703125,78.37149969924783,352.54207968499395,-442.40685178801976
2025-09-15 00:00:00+00:00,115399.6328125,116747.8828125,114461.0625,115444.875,52937859416,0.0,0.0,0.0003224981011604733,0.19602063511526216,112006.66328125,114404.59796875,76.55999807047846,470.54751077533,-259.8159792753498
2025-09-16 00:00:00+00:00,115423.7578125,117005.2734375,114813.09375,116843.1875,45781744593,0.0,0.0,0.012112382641498831,0.1975948430633397,112287.71953125,114382.9721875,75.39597871423217,669.1858398540644,-74.01561544946688
2025-09-17 00:00:00+00:00,116840.5078125,117328.609375,114794.9765625,116468.5078125,60528025996,0.0,0.0,-0.0032066883445814875,0.19537486911556232,112483.9046875,114353.899375,71.6456908754239,787.2991329801589,98.24733423645833
2025-09-18 00:00:00+00:00,116461.265625,117911.7890625,116188.796875,117137.203125,49457272032,0.0,0.0,0.005741425944741474,0.13230025415394903,112920.223046875,114340.0196875,80.16637159556666,924.2091837713378,263.4397041434343
2025-09-19 00:00:00+00:00,117137.671875,117479.7578125,115141.8203125,115688.859375,38828473971,0.0,0.0,-0.012364506846338497,0.14437989721936526,113264.2625,114338.6328125,70.98046437295596,905.4052015279594,391.8328036203394
2025-09-20 00:00:00+00:00,115691.125,116191.1484375,115473.5234375,115721.9609375,22864449614,0.0,0.0,0.0002861257573012477,0.1414348884244551,113638.525,114386.6703125,73.66874454238072,882.9953092970682,490.06530475568525
2025-09-21 00:00:00+00:00,115730.2265625,115901.0859375,115252.578125,115306.09375,22495852193,0.0,0.0,-0.003593675600818802,0.14164838043196987,113941.3,114442.25390625,68.66555178996907,822.200486360729,556.4923410766941
2025-09-22 00:00:00+00:00,115309.21875,115431.3125,112037.6484375,112748.5078125,70684158591,0.0,0.0,-0.02218083931492132,0.15559405690848552,114018.69609375,114412.870625,52.6573674443819,561.175459287173,557.4289647187899
2025-09-23 00:00:00+00:00,112757.4765625,113351.9140625,111535.5703125,112014.5,47211853279,0.0,0.0,-0.00651013327573835,0.15689010969533446,114033.260546875,114351.72296875,51.87103493186517,291.7201799927425,504.2872077735804
2025-09-24 00:00:00+00:00,112007.6640625,113986.2734375,111229.640625,113328.6328125,48044595085,0.0,0.0,0.011731809832655538,0.1581069223365008,114163.512109375,114335.46671875,47.34934018491608,182.1151549899223,439.8527972168488
2025-09-25 00:00:00+00:00,113330.1640625,113541.0859375,108713.3984375,109049.2890625,75528654284,0.0,0.0,-0.03776048156409062,0.21019485690929626,114083.42734375,114215.8925,27.80555698747358,-247.20526522539149,302.4411847284007
2025-09-26 00:00:00+00:00,109041.296875,110359.1953125,108728.9765625,109712.828125,57738288949,0.0,0.0,0.0060847628462732395,0.21114104312267046,114057.833984375,114060.21109375,28.148781530568627,-527.8183727704891,136.3892732286227
2025-09-27 00:00:00+00:00,109707.140625,109778.5,109144.296875,109681.9453125,26308042910,0.0,0.0,-0.0002814877077529365,0.20862541331192164,113983.550390625,113920.07546875,28.382124089888222,-744.1205090491712,-39.71268322693615
2025-09-28 00:00:00+00:00,109681.9453125,112375.484375,109236.9453125,112122.640625,33371048505,0.0,0.0,0.02225248016477188,0.2220451601222082,113986.1109375,113832.52109375,39.982513317514325,-710.4086477685923,-173.85187613526742
2025-09-29 00:00:00+00:00,112117.875,114473.5703125,111589.953125,114400.3828125,60000147466,0.0,0.0,0.02031473906432546,0.23231839276392835,114129.602734375,113734.39359375,47.19778900008258,-494.2001643122494,-237.92153377066387
2025-09-30 00:00:00+00:00,114396.5234375,114836.6171875,112740.5625,114056.0859375,58986330258,0.0,0.0,-0.003009577997342028,0.21981412683666976,114134.6390625,113640.88640625,42.07440372911735,-346.6394204155222,-259.66511109963557
2025-10-01 00:00:00+00:00,114057.59375,118648.9296875,113981.3984375,118648.9296875,71328680132,0.0,0.0,0.04026829179914837,0.2584515356690085,114291.70859375,113610.406875,55.000720291212666,139.30185380997136,-179.87171811771415
2025-10-02 00:00:00+00:00,118652.3828125,121086.40625,118383.15625,120681.2578125,71415163912,0.0,0.0,0.017128920845327356,0.2641508636822983,114520.692578125,113557.15078125,57.649684679990415,680.5606301539228,-7.785248463386713
2025-10-03 00:00:00+00:00,120656.984375,123944.703125,119344.3125,122266.53125,83941392228,0.0,0.0,0.013136036748664148,0.2666679327778296,114836.49375,113635.28984375,64.11418187426449,1223.3286564329464,238.43753251588
2025-10-04 00:00:00+00:00,122267.46875,122857.640625,121577.5703125,122425.4296875,36769171735,0.0,0.0,0.001299606980548873,0.26528692986887814,115187.382421875,113735.83140625,64.30687575198952,1647.308852589631,520.2117965306303
2025-10-06 00:00:00+00:00,123501.9921875,123973.28125,123363.46875,123973.28125,74971127808,0.0,0.0,0.012643219357702185,0.2671812413426911,115613.802734375,113865.47,67.64534105100957,2084.1896568138473,833.0073685872738
